language,filename,blank,comment,code,"github.com/AlDanial/cloc v 2.08  T=0.08 s (3920.3 files/s 491249.2 lines/s)"
C,repos/ruangong-0707/qzxing/src/zxing/win32/zxing/win_iconv.c,203,145,1687
C++,repos/ruangong-0707/qzxing/src/zxing/zxing/pdf417/decoder/PDF417BitMatrixParser.cpp,24,97,876
C++,repos/ruangong-0707/qzxing/src/zxing/zxing/oned/rss/expanded/RSSExpandedReader.cpp,100,33,617
C++,repos/ruangong-0707/qzxing/src/zxing/zxing/qrcode/detector/QRFinderPatternFinder.cpp,79,89,592
C++,repos/ruangong-0707/qzxing/src/QZXing.cpp,130,25,573
C++,repos/ruangong-0707/qzxing/src/zxing/zxing/pdf417/detector/LinesSampler.cpp,82,101,572
C++,repos/ruangong-0707/qzxing/src/zxing/zxing/qrcode/QRVersion.cpp,37,34,505
C++,repos/ruangong-0707/qzxing/src/zxing/zxing/oned/Code128Reader.cpp,47,45,459
C++,repos/ruangong-0707/qzxing/src/zxing/zxing/aztec/decoder/AztecDecoder.cpp,83,37,438
C++,repos/ruangong-0707/qzxing/src/zxing/zxing/qrcode/encoder/QREncoder.cpp,64,110,430
C++,repos/ruangong-0707/qzxing/src/zxing/zxing/pdf417/detector/PDF417Detector.cpp,61,192,411
C++,repos/ruangong-0707/qzxing/src/zxing/zxing/aztec/detector/AztecDetector.cpp,116,33,398
C++,repos/ruangong-0707/qzxing/src/zxing/zxing/oned/rss/RSS14Reader.cpp,51,27,394
C++,repos/ruangong-0707/qzxing/src/zxing/zxing/oned/rss/expanded/decoders/GeneralAppIdDecoder.cpp,65,6,386
C++,repos/ruangong-0707/qzxing/src/zxing/bigint/BigUnsigned.cc,38,274,385
C++,repos/ruangong-0707/qzxing/src/zxing/zxing/pdf417/decoder/PDF417DecodedBitStreamParser.cpp,38,151,380
C++,repos/ruangong-0707/qzxing/src/zxing/zxing/qrcode/decoder/QRDecodedBitStreamParser.cpp,28,63,343
C++,repos/ruangong-0707/qzxing/src/zxing/zxing/datamatrix/decoder/DataMatrixDecodedBitStreamParser.cpp,31,47,340
C++,repos/ruangong-0707/qzxing/src/QZXingFilter.cpp,61,27,324
C++,repos/ruangong-0707/qzxing/src/zxing/zxing/datamatrix/detector/DataMatrixDetector.cpp,63,63,321
C++,repos/ruangong-0707/qzxing/src/zxing/zxing/qrcode/encoder/MatrixUtil.cpp,42,55,321
CMake,repos/ruangong-0707/qzxing/src/zxing/zxing/CMakeLists.txt,38,0,310
C++,repos/ruangong-0707/qzxing/src/zxing/zxing/datamatrix/decoder/DataMatrixBitMatrixParser.cpp,28,24,309
C++,repos/ruangong-0707/qzxing/src/zxing/zxing/oned/UPCEANReader.cpp,39,53,301
C++,repos/ruangong-0707/qzxing/src/zxing/zxing/pdf417/decoder/ec/ModulusPoly.cpp,26,45,261
C++,repos/ruangong-0707/qzxing/src/zxing/zxing/DecodeHints.cpp,26,20,253
C++,repos/ruangong-0707/qzxing/src/zxing/bigint/BigInteger.cc,35,125,245
C++,repos/ruangong-0707/qzxing/src/zxing/zxing/oned/Code39Reader.cpp,28,55,243
C/C++ Header,repos/ruangong-0707/qzxing/src/zxing/bigint/BigUnsigned.hh,43,141,234
C++,repos/ruangong-0707/qzxing/src/zxing/zxing/oned/CodaBarReader.cpp,39,66,232
C++,repos/ruangong-0707/qzxing/src/zxing/zxing/oned/Code93Reader.cpp,27,32,231
C++,repos/ruangong-0707/qzxing/src/zxing/zxing/oned/rss/expanded/decoders/FieldParser.cpp,38,8,230
C++,repos/ruangong-0707/qzxing/src/zxing/zxing/qrcode/detector/QRDetector.cpp,41,46,228
C++,repos/ruangong-0707/qzxing/src/zxing/zxing/oned/OneDReader.cpp,19,43,226
C++,repos/ruangong-0707/qzxing/src/zxing/zxing/common/BitArray.cpp,40,38,220
C++,repos/ruangong-0707/qzxing/src/zxing/zxing/oned/ITFReader.cpp,42,112,212
C++,repos/ruangong-0707/qzxing/src/zxing/zxing/common/detector/WhiteRectangleDetector.cpp,41,79,201
C++,repos/ruangong-0707/qzxing/src/zxing/zxing/qrcode/detector/QRAlignmentPatternFinder.cpp,18,33,193
C++,repos/ruangong-0707/qzxing/src/CameraImageWrapper.cpp,32,7,185
C++,repos/ruangong-0707/qzxing/src/zxing/zxing/common/BitMatrix.cpp,30,17,180
C++,repos/ruangong-0707/qzxing/src/zxing/zxing/common/HybridBinarizer.cpp,20,30,176
C++,repos/ruangong-0707/qzxing/src/zxing/zxing/qrcode/encoder/MaskUtil.cpp,11,27,172
C/C++ Header,repos/ruangong-0707/qzxing/src/QZXing.h,39,83,167
C++,repos/ruangong-0707/qzxing/src/zxing/zxing/common/reedsolomon/GenericGFPoly.cpp,30,25,163
C++,repos/ruangong-0707/qzxing/src/zxing/zxing/multi/qrcode/detector/MultiFinderPatternFinder.cpp,23,59,154
C/C++ Header,repos/ruangong-0707/qzxing/src/zxing/win32/zxing/msvc/stdint.h,40,55,152
C++,repos/ruangong-0707/qzxing/src/zxing/zxing/pdf417/decoder/ec/ErrorCorrection.cpp,26,36,152
C++,repos/ruangong-0707/qzxing/src/zxing/zxing/datamatrix/DataMatrixVersion.cpp,23,26,150
C++,repos/ruangong-0707/qzxing/src/zxing/zxing/common/StringUtils.cpp,17,45,145
C++,repos/ruangong-0707/qzxing/src/zxing/zxing/common/GlobalHistogramBinarizer.cpp,27,45,141
C++,repos/ruangong-0707/qzxing/src/zxing/zxing/qrcode/decoder/QRBitMatrixParser.cpp,31,38,141
C/C++ Header,repos/ruangong-0707/qzxing/src/zxing/bigint/BigInteger.hh,26,50,139
C++,repos/ruangong-0707/qzxing/src/zxing/zxing/common/detector/MonochromeRectangleDetector.cpp,12,27,136
C++,repos/ruangong-0707/qzxing/src/zxing/zxing/oned/EANManufacturerOrgSupport.cpp,8,24,136
C++,repos/ruangong-0707/qzxing/src/zxing/zxing/pdf417/PDF417Reader.cpp,18,41,133
C++,repos/ruangong-0707/qzxing/src/zxing/zxing/common/reedsolomon/ReedSolomonDecoder.cpp,19,24,131
C++,repos/ruangong-0707/qzxing/src/zxing/zxing/oned/UPCEANExtension5Support.cpp,18,22,125
C/C++ Header,repos/ruangong-0707/qzxing/src/zxing/zxing/ZXing.h,29,16,123
C++,repos/ruangong-0707/qzxing/src/zxing/zxing/MultiFormatReader.cpp,24,24,118
C++,repos/ruangong-0707/qzxing/src/zxing/zxing/common/reedsolomon/GenericGF.cpp,27,21,109
C++,repos/ruangong-0707/qzxing/src/zxing/zxing/multi/GenericMultipleBarcodeReader.cpp,12,21,104
C++,repos/ruangong-0707/qzxing/src/zxing/zxing/oned/rss/AbstractRSSReader.cpp,16,1,100
C++,repos/ruangong-0707/qzxing/src/zxing/zxing/qrcode/decoder/QRMode.cpp,13,22,99
C/C++ Header,repos/ruangong-0707/qzxing/src/zxing/bigint/NumberlikeArray.hh,24,55,98
C++,repos/ruangong-0707/qzxing/src/zxing/bigint/BigUnsignedInABase.cc,15,15,95
C++,repos/ruangong-0707/qzxing/src/zxing/zxing/oned/UPCEReader.cpp,21,32,93
C/C++ Header,repos/ruangong-0707/qzxing/src/zxing/zxing/pdf417/detector/LinesSampler.h,14,15,93
CMake,repos/ruangong-0707/qzxing/src/CMakeLists.txt,32,2,92
C++,repos/ruangong-0707/qzxing/src/ImageHandler.cpp,15,0,91
C++,repos/ruangong-0707/qzxing/src/zxing/zxing/common/CharacterSetECI.cpp,21,16,91
C++,repos/ruangong-0707/qzxing/src/zxing/zxing/qrcode/decoder/QRDataMask.cpp,20,50,89
C++,repos/ruangong-0707/qzxing/src/QZXingFilterVideoSink.cpp,20,6,88
C++,repos/ruangong-0707/qzxing/src/zxing/zxing/oned/MultiFormatOneDReader.cpp,9,18,86
C++,repos/ruangong-0707/qzxing/src/zxing/zxing/qrcode/encoder/QRCode.cpp,22,0,85
C++,repos/ruangong-0707/qzxing/src/zxing/zxing/common/GridSampler.cpp,16,22,84
C++,repos/ruangong-0707/qzxing/src/zxing/zxing/qrcode/QRFormatInformation.cpp,13,25,80
C++,repos/ruangong-0707/qzxing/src/zxing/zxing/ResultMetadata.cpp,15,17,79
C/C++ Header,repos/ruangong-0707/qzxing/src/QZXingFilter.h,22,31,78
C++,repos/ruangong-0707/qzxing/src/QZXingImageProvider.cpp,14,3,78
C++,repos/ruangong-0707/qzxing/src/zxing/zxing/common/PerspectiveTransform.cpp,12,21,78
C++,repos/ruangong-0707/qzxing/src/zxing/zxing/oned/MultiFormatUPCEANReader.cpp,13,39,76
C/C++ Header,repos/ruangong-0707/qzxing/src/zxing/zxing/pdf417/detector/Detector.h,13,18,75
C++,repos/ruangong-0707/qzxing/src/zxing/zxing/pdf417/decoder/ec/ModulusGF.cpp,19,29,73
C++,repos/ruangong-0707/qzxing/src/zxing/zxing/qrcode/decoder/QRDecoder.cpp,18,27,73
C++,repos/ruangong-0707/qzxing/src/zxing/zxing/qrcode/encoder/ByteMatrix.cpp,12,0,71
C++,repos/ruangong-0707/qzxing/src/zxing/zxing/datamatrix/decoder/DataMatrixDataBlock.cpp,14,29,70
C++,repos/ruangong-0707/qzxing/src/zxing/zxing/oned/rss/RSSUtils.cpp,4,0,70
C++,repos/ruangong-0707/qzxing/src/zxing/zxing/qrcode/decoder/QRDataBlock.cpp,18,29,68
C++,repos/ruangong-0707/qzxing/src/zxing/zxing/oned/EAN13Reader.cpp,13,17,65
C++,repos/ruangong-0707/qzxing/src/zxing/zxing/LuminanceSource.cpp,13,27,64
C/C++ Header,repos/ruangong-0707/qzxing/src/zxing/zxing/common/BitArray.h,22,16,64
C++,repos/ruangong-0707/qzxing/src/zxing/zxing/oned/UPCEANExtension2Support.cpp,14,18,64
C++,repos/ruangong-0707/qzxing/src/zxing/zxing/ResultPoint.cpp,18,30,63
C/C++ Header,repos/ruangong-0707/qzxing/src/zxing/zxing/qrcode/encoder/Encoder.h,30,45,63
C++,repos/ruangong-0707/qzxing/src/zxing/zxing/oned/rss/expanded/decoders/AI013x0x1xDecoder.cpp,14,0,61
C/C++ Header,repos/ruangong-0707/qzxing/src/zxing/zxing/DecodeHints.h,17,22,58
C/C++ Header,repos/ruangong-0707/qzxing/src/zxing/zxing/datamatrix/Version.h,10,19,58
C++,repos/ruangong-0707/qzxing/src/zxing/zxing/pdf417/decoder/PDF417Decoder.cpp,15,45,58
C/C++ Header,repos/ruangong-0707/qzxing/src/zxing/zxing/qrcode/Version.h,10,18,58
C/C++ Header,repos/ruangong-0707/qzxing/src/zxing/zxing/aztec/detector/Detector.h,15,20,57
C++,repos/ruangong-0707/qzxing/src/zxing/zxing/oned/rss/expanded/decoders/AbstractExpandedDecoder.cpp,13,0,57
C++,repos/ruangong-0707/qzxing/src/zxing/zxing/common/reedsolomon/ReedSolomonEncoder.cpp,11,3,56
C++,repos/ruangong-0707/qzxing/src/zxing/bigint/BigIntegerAlgorithms.cc,5,10,55
C++,repos/ruangong-0707/qzxing/src/zxing/zxing/datamatrix/decoder/DataMatrixDecoder.cpp,14,32,55
C/C++ Header,repos/ruangong-0707/qzxing/src/zxing/zxing/datamatrix/detector/Detector.h,15,24,55
C/C++ Header,repos/ruangong-0707/qzxing/src/zxing/zxing/pdf417/decoder/DecodedBitStreamParser.h,13,16,54
C/C++ Header,repos/ruangong-0707/qzxing/src/zxing/zxing/qrcode/encoder/MatrixUtil.h,27,63,53
C++,repos/ruangong-0707/qzxing/src/zxing/zxing/BinaryBitmap.cpp,15,17,52
C/C++ Header,repos/ruangong-0707/qzxing/src/zxing/zxing/oned/UPCEANReader.h,23,16,52
C++,repos/ruangong-0707/qzxing/src/zxing/zxing/oned/rss/expanded/ExpandedPair.cpp,13,0,52
C++,repos/ruangong-0707/qzxing/src/zxing/zxing/oned/rss/expanded/ExpandedRow.cpp,12,0,52
C/C++ Header,repos/ruangong-0707/qzxing/src/zxing/zxing/oned/rss/expanded/RSSExpandedReader.h,33,36,52
C++,repos/ruangong-0707/qzxing/src/zxing/zxing/common/GreyscaleRotatedLuminanceSource.cpp,9,24,51
C/C++ Header,repos/ruangong-0707/qzxing/src/zxing/zxing/pdf417/decoder/BitMatrixParser.h,13,20,50
C++,repos/ruangong-0707/qzxing/src/zxing/zxing/InvertedLuminanceSource.cpp,13,16,49
C++,repos/ruangong-0707/qzxing/src/zxing/zxing/common/GreyscaleLuminanceSource.cpp,13,21,49
C/C++ Header,repos/ruangong-0707/qzxing/src/zxing/zxing/oned/OneDReader.h,15,21,49
C++,repos/ruangong-0707/qzxing/src/zxing/zxing/oned/rss/expanded/decoders/CurrentParsingState.cpp,12,0,48
C/C++ Header,repos/ruangong-0707/qzxing/src/zxing/zxing/common/BitMatrix.h,18,19,46
C++,repos/ruangong-0707/qzxing/src/zxing/zxing/oned/rss/FinderPattern.cpp,10,0,46
C++,repos/ruangong-0707/qzxing/src/zxing/zxing/oned/rss/expanded/decoders/AI01decoder.cpp,12,0,46
C++,repos/ruangong-0707/qzxing/src/zxing/zxing/multi/ByQuadrantReader.cpp,11,19,45
C++,repos/ruangong-0707/qzxing/src/zxing/zxing/oned/rss/expanded/BitArrayBuilder.cpp,9,0,45
C/C++ Header,repos/ruangong-0707/qzxing/src/zxing/zxing/oned/rss/expanded/decoders/GeneralAppIdDecoder.h,27,27,45
C++,repos/ruangong-0707/qzxing/src/zxing/zxing/qrcode/QRErrorCorrectionLevel.cpp,14,20,45
C++,repos/ruangong-0707/qzxing/src/zxing/zxing/oned/rss/expanded/decoders/DecodedNumeric.cpp,11,0,44
C/C++ Header,repos/ruangong-0707/qzxing/src/zxing/zxing/qrcode/detector/FinderPatternFinder.h,17,21,44
C/C++ Header,repos/ruangong-0707/qzxing/src/QZXingFilterVideoSink.h,10,16,43
C++,repos/ruangong-0707/qzxing/src/zxing/bigint/BigIntegerUtils.cc,6,1,43
C++,repos/ruangong-0707/qzxing/src/zxing/zxing/common/BitSource.cpp,10,23,43
C/C++ Header,repos/ruangong-0707/qzxing/src/zxing/zxing/datamatrix/decoder/DecodedBitStreamParser.h,13,48,43
C/C++ Header,repos/ruangong-0707/qzxing/src/zxing/zxing/qrcode/decoder/Mode.h,11,19,43
C/C++ Header,repos/ruangong-0707/qzxing/src/zxing/zxing/common/reedsolomon/GenericGF.h,12,20,42
C++,repos/ruangong-0707/qzxing/src/zxing/zxing/oned/rss/expanded/decoders/AI01393xDecoder.cpp,14,0,42
C/C++ Header,repos/ruangong-0707/qzxing/src/zxing/bigint/BigUnsignedInABase.hh,22,59,41
C/C++ Header,repos/ruangong-0707/qzxing/src/zxing/zxing/ResultMetadata.h,26,70,41
C/C++ Header,repos/ruangong-0707/qzxing/src/zxing/zxing/oned/rss/AbstractRSSReader.h,25,26,41
C++,repos/ruangong-0707/qzxing/src/zxing/zxing/oned/rss/expanded/decoders/DecodedInformation.cpp,10,0,41
C/C++ Header,repos/ruangong-0707/qzxing/src/zxing/zxing/qrcode/decoder/DecodedBitStreamParser.h,11,19,41
C/C++ Header,repos/ruangong-0707/qzxing/src/zxing/zxing/qrcode/encoder/QRCode.h,10,0,41
C++,repos/ruangong-0707/qzxing/src/zxing/zxing/oned/UPCAReader.cpp,11,20,40
C++,repos/ruangong-0707/qzxing/src/zxing/zxing/Result.cpp,16,21,39
C/C++ Header,repos/ruangong-0707/qzxing/src/zxing/zxing/common/HybridBinarizer.h,7,21,39
C++,repos/ruangong-0707/qzxing/src/zxing/zxing/oned/EAN8Reader.cpp,10,17,38
C/C++ Header,repos/ruangong-0707/qzxing/src/zxing/zxing/pdf417/decoder/ec/ModulusPoly.h,8,21,38
C/C++ Header,repos/ruangong-0707/qzxing/src/zxing/zxing/qrcode/detector/AlignmentPatternFinder.h,12,18,38
C/C++ Header,repos/ruangong-0707/qzxing/src/zxing/zxing/qrcode/detector/Detector.h,12,19,38
C/C++ Header,repos/ruangong-0707/qzxing/src/zxing/zxing/common/detector/MathUtils.h,10,20,37
C/C++ Header,repos/ruangong-0707/qzxing/src/zxing/zxing/pdf417/decoder/ec/ModulusGF.h,11,23,37
C/C++ Header,repos/ruangong-0707/qzxing/src/CameraImageWrapper.h,13,15,36
C++,repos/ruangong-0707/qzxing/src/zxing/zxing/Exception.cpp,10,20,36
C/C++ Header,repos/ruangong-0707/qzxing/src/zxing/zxing/Result.h,7,18,36
C/C++ Header,repos/ruangong-0707/qzxing/src/zxing/zxing/aztec/decoder/Decoder.h,13,20,36
C++,repos/ruangong-0707/qzxing/src/zxing/zxing/oned/rss/DataCharacter.cpp,11,0,36
C++,repos/ruangong-0707/qzxing/src/zxing/zxing/qrcode/detector/QRFinderPattern.cpp,11,28,36
C++,repos/ruangong-0707/qzxing/src/zxing/zxing/aztec/AztecReader.cpp,14,24,34
C/C++ Header,repos/ruangong-0707/qzxing/src/zxing/zxing/BarcodeFormat.h,8,20,33
C++,repos/ruangong-0707/qzxing/src/zxing/zxing/multi/qrcode/QRCodeMultiReader.cpp,6,19,33
C/C++ Header,repos/ruangong-0707/qzxing/src/zxing/zxing/oned/rss/RSS14Reader.h,23,20,33
C/C++ Header,repos/ruangong-0707/qzxing/src/zxing/bigint/BigIntegerUtils.hh,14,26,32
C/C++ Header,repos/ruangong-0707/qzxing/src/zxing/zxing/common/detector/WhiteRectangleDetector.h,8,19,32
C/C++ Header,repos/ruangong-0707/qzxing/src/zxing/zxing/pdf417/decoder/ec/ErrorCorrection.h,11,27,32
C++,repos/ruangong-0707/qzxing/src/zxing/zxing/oned/rss/Pair.cpp,10,0,31
C/C++ Header,repos/ruangong-0707/qzxing/src/zxing/zxing/oned/rss/expanded/ExpandedPair.h,20,26,31
C/C++ Header,repos/ruangong-0707/qzxing/src/zxing/zxing/oned/rss/expanded/decoders/CurrentParsingState.h,21,26,31
C/C++ Header,repos/ruangong-0707/qzxing/src/zxing/zxing/qrcode/decoder/BitMatrixParser.h,10,18,31
C/C++ Header,repos/ruangong-0707/qzxing/src/zxing/zxing/datamatrix/decoder/BitMatrixParser.h,9,19,30
C++,repos/ruangong-0707/qzxing/src/zxing/zxing/oned/rss/expanded/decoders/AI01392xDecoder.cpp,11,0,30
C/C++ Header,repos/ruangong-0707/qzxing/src/zxing/zxing/qrcode/ErrorCorrectionLevel.h,9,18,30
C/C++ Header,repos/ruangong-0707/qzxing/src/zxing/zxing/common/CharacterSetECI.h,12,16,29
C/C++ Header,repos/ruangong-0707/qzxing/src/zxing/zxing/common/detector/MonochromeRectangleDetector.h,13,20,29
C/C++ Header,repos/ruangong-0707/qzxing/src/zxing/zxing/oned/Code39Reader.h,11,24,29
C/C++ Header,repos/ruangong-0707/qzxing/src/zxing/zxing/oned/rss/expanded/decoders/AI013x0x1xDecoder.h,15,26,29
C/C++ Header,repos/ruangong-0707/qzxing/src/zxing/zxing/qrcode/encoder/BlockPair.h,13,0,29
C/C++ Header,repos/ruangong-0707/qzxing/src/zxing/zxing/qrcode/encoder/ByteMatrix.h,10,0,29
C/C++ Header,repos/ruangong-0707/qzxing/src/ImageHandler.h,6,15,28
C++,repos/ruangong-0707/qzxing/src/zxing/zxing/common/Str.cpp,13,20,28
C/C++ Header,repos/ruangong-0707/qzxing/src/zxing/zxing/multi/GenericMultipleBarcodeReader.h,7,16,28
C/C++ Header,repos/ruangong-0707/qzxing/src/zxing/zxing/oned/CodaBarReader.h,12,17,28
C/C++ Header,repos/ruangong-0707/qzxing/src/zxing/zxing/oned/ITFReader.h,10,17,28
C/C++ Header,repos/ruangong-0707/qzxing/src/zxing/zxing/qrcode/FormatInformation.h,8,18,28
C/C++ Header,repos/ruangong-0707/qzxing/src/zxing/zxing/LuminanceSource.h,14,20,27
C++,repos/ruangong-0707/qzxing/src/zxing/zxing/aztec/AztecDetectorResult.cpp,9,21,27
C/C++ Header,repos/ruangong-0707/qzxing/src/zxing/zxing/common/DecoderResult.h,9,18,27
C/C++ Header,repos/ruangong-0707/qzxing/src/zxing/zxing/common/StringUtils.h,13,16,27
C/C++ Header,repos/ruangong-0707/qzxing/src/zxing/zxing/oned/rss/FinderPattern.h,19,20,27
C/C++ Header,repos/ruangong-0707/qzxing/src/zxing/zxing/oned/rss/expanded/decoders/AbstractExpandedDecoder.h,18,26,27
C/C++ Header,repos/ruangong-0707/qzxing/src/zxing/zxing/BinaryBitmap.h,12,18,26
C/C++ Header,repos/ruangong-0707/qzxing/src/zxing/zxing/oned/Code93Reader.h,9,24,26
C/C++ Header,repos/ruangong-0707/qzxing/src/zxing/zxing/oned/rss/expanded/ExpandedRow.h,17,24,26
C++,repos/ruangong-0707/qzxing/src/zxing/zxing/oned/rss/expanded/decoders/AI01320xDecoder.cpp,6,0,26
C++,repos/ruangong-0707/qzxing/src/zxing/zxing/oned/rss/expanded/decoders/AI01weightDecoder.cpp,7,0,26
C/C++ Header,repos/ruangong-0707/qzxing/src/zxing/zxing/oned/rss/expanded/decoders/DecodedNumeric.h,19,26,26
C/C++ Header,repos/ruangong-0707/qzxing/src/zxing/zxing/ResultPoint.h,11,19,25
C/C++ Header,repos/ruangong-0707/qzxing/src/zxing/zxing/common/PerspectiveTransform.h,6,18,25
C/C++ Header,repos/ruangong-0707/qzxing/src/zxing/zxing/common/Str.h,7,19,25
C/C++ Header,repos/ruangong-0707/qzxing/src/zxing/zxing/common/reedsolomon/GenericGFPoly.h,10,20,25
C/C++ Header,repos/ruangong-0707/qzxing/src/zxing/zxing/oned/rss/expanded/decoders/DecodedInformation.h,18,26,25
C/C++ Header,repos/ruangong-0707/qzxing/src/zxing/zxing/qrcode/encoder/MaskUtil.h,14,26,25
C/C++ Header,repos/ruangong-0707/qzxing/src/zxing/zxing/common/BitSource.h,9,40,24
C++,repos/ruangong-0707/qzxing/src/zxing/zxing/common/DecoderResult.cpp,7,20,24
C/C++ Header,repos/ruangong-0707/qzxing/src/zxing/zxing/common/GreyscaleLuminanceSource.h,10,19,24
C/C++ Header,repos/ruangong-0707/qzxing/src/zxing/zxing/common/reedsolomon/ReedSolomonDecoder.h,6,18,24
C++,repos/ruangong-0707/qzxing/src/zxing/zxing/multi/qrcode/detector/MultiDetector.cpp,7,16,24
C/C++ Header,repos/ruangong-0707/qzxing/src/zxing/zxing/oned/Code128Reader.h,9,16,24
C/C++ Header,repos/ruangong-0707/qzxing/src/zxing/zxing/oned/rss/DataCharacter.h,17,20,24
C/C++ Header,repos/ruangong-0707/qzxing/src/zxing/zxing/oned/rss/Pair.h,15,17,24
C++,repos/ruangong-0707/qzxing/src/zxing/zxing/oned/rss/expanded/decoders/BlockParsedResult.cpp,7,0,24
C/C++ Header,repos/ruangong-0707/qzxing/src/zxing/zxing/pdf417/decoder/Decoder.h,11,26,24
C++,repos/ruangong-0707/qzxing/src/zxing/zxing/qrcode/QRCodeReader.cpp,7,21,24
C/C++ Header,repos/ruangong-0707/qzxing/src/zxing/zxing/MultiFormatReader.h,9,18,23
C/C++ Header,repos/ruangong-0707/qzxing/src/zxing/zxing/common/Point.h,6,18,23
C++,repos/ruangong-0707/qzxing/src/zxing/zxing/datamatrix/DataMatrixReader.cpp,11,20,23
C++,repos/ruangong-0707/qzxing/src/zxing/zxing/BarcodeFormat.cpp,2,17,22
C/C++ Header,repos/ruangong-0707/qzxing/src/zxing/zxing/Binarizer.h,10,18,22
C/C++ Header,repos/ruangong-0707/qzxing/src/zxing/zxing/aztec/AztecDetectorResult.h,6,20,22
C/C++ Header,repos/ruangong-0707/qzxing/src/zxing/zxing/common/GlobalHistogramBinarizer.h,6,19,22
C/C++ Header,repos/ruangong-0707/qzxing/src/zxing/zxing/multi/qrcode/detector/MultiFinderPatternFinder.h,10,15,22
C/C++ Header,repos/ruangong-0707/qzxing/src/zxing/zxing/oned/UPCEReader.h,10,16,22
C/C++ Header,repos/ruangong-0707/qzxing/src/zxing/zxing/oned/rss/expanded/decoders/AI01392xDecoder.h,13,26,22
C/C++ Header,repos/ruangong-0707/qzxing/src/zxing/zxing/qrcode/decoder/DataBlock.h,9,18,22
C/C++ Header,repos/ruangong-0707/qzxing/src/zxing/zxing/qrcode/decoder/DataMask.h,9,18,22
C/C++ Header,repos/ruangong-0707/qzxing/src/zxing/zxing/qrcode/detector/FinderPattern.h,7,19,22
C/C++ Header,repos/ruangong-0707/qzxing/src/zxing/zxing/EncodeHint.h,10,15,21
C/C++ Header,repos/ruangong-0707/qzxing/src/zxing/zxing/Exception.h,9,19,21
C/C++ Header,repos/ruangong-0707/qzxing/src/zxing/zxing/InvertedLuminanceSource.h,11,16,21
C/C++ Header,repos/ruangong-0707/qzxing/src/zxing/zxing/aztec/AztecReader.h,8,20,21
C/C++ Header,repos/ruangong-0707/qzxing/src/zxing/zxing/common/GridSampler.h,6,18,21
C/C++ Header,repos/ruangong-0707/qzxing/src/zxing/zxing/oned/EAN13Reader.h,10,19,21
C/C++ Header,repos/ruangong-0707/qzxing/src/zxing/zxing/oned/UPCAReader.h,11,19,21
C++,repos/ruangong-0707/qzxing/src/zxing/zxing/oned/UPCEANExtensionSupport.cpp,6,17,21
C++,repos/ruangong-0707/qzxing/src/zxing/zxing/oned/rss/expanded/decoders/AI013x0xDecoder.cpp,8,0,21
C++,repos/ruangong-0707/qzxing/src/zxing/zxing/oned/rss/expanded/decoders/AI01AndOtherAIs.cpp,8,0,21
C/C++ Header,repos/ruangong-0707/qzxing/src/zxing/zxing/oned/rss/expanded/decoders/AI01AndOtherAIs.h,11,27,21
C/C++ Header,repos/ruangong-0707/qzxing/src/zxing/zxing/oned/rss/expanded/decoders/AI01decoder.h,15,26,21
C/C++ Header,repos/ruangong-0707/qzxing/src/zxing/zxing/oned/rss/expanded/decoders/AI01weightDecoder.h,13,29,21
C/C++ Header,repos/ruangong-0707/qzxing/src/zxing/zxing/oned/rss/expanded/decoders/BlockParsedResult.h,14,26,21
C/C++ Header,repos/ruangong-0707/qzxing/src/zxing/zxing/pdf417/PDF417Reader.h,9,19,21
C/C++ Header,repos/ruangong-0707/qzxing/src/zxing/zxing/qrcode/detector/FinderPatternInfo.h,7,18,21
C++,repos/ruangong-0707/qzxing/src/zxing/zxing/qrcode/detector/QRAlignmentPattern.cpp,6,20,21
C/C++ Header,repos/ruangong-0707/qzxing/src/zxing/zxing/datamatrix/decoder/DataBlock.h,9,19,20
C/C++ Header,repos/ruangong-0707/qzxing/src/zxing/zxing/multi/ByQuadrantReader.h,7,15,20
C/C++ Header,repos/ruangong-0707/qzxing/src/zxing/zxing/multi/MultipleBarcodeReader.h,6,15,20
C/C++ Header,repos/ruangong-0707/qzxing/src/zxing/zxing/oned/rss/expanded/decoders/AI013103decoder.h,11,26,20
C/C++ Header,repos/ruangong-0707/qzxing/src/zxing/zxing/oned/rss/expanded/decoders/AI01393xDecoder.h,12,26,20
C/C++ Header,repos/ruangong-0707/qzxing/src/zxing/zxing/oned/rss/expanded/decoders/AI013x0xDecoder.h,13,29,20
C/C++ Header,repos/ruangong-0707/qzxing/src/zxing/zxing/oned/rss/expanded/decoders/AnyAIDecoder.h,11,26,20
C/C++ Header,repos/ruangong-0707/qzxing/src/zxing/zxing/oned/rss/expanded/decoders/DecodedChar.h,15,26,20
C/C++ Header,repos/ruangong-0707/qzxing/src/zxing/zxing/qrcode/QRCodeReader.h,9,19,20
C/C++ Header,repos/ruangong-0707/qzxing/src/zxing/zxing/common/GreyscaleRotatedLuminanceSource.h,8,19,19
C/C++ Header,repos/ruangong-0707/qzxing/src/zxing/zxing/common/detector/JavaMath.h,8,17,19
C/C++ Header,repos/ruangong-0707/qzxing/src/zxing/zxing/datamatrix/decoder/Decoder.h,10,19,19
C/C++ Header,repos/ruangong-0707/qzxing/src/zxing/zxing/oned/EAN8Reader.h,10,19,19
C++,repos/ruangong-0707/qzxing/src/zxing/zxing/oned/rss/expanded/decoders/AI013103decoder.cpp,6,0,19
C/C++ Header,repos/ruangong-0707/qzxing/src/zxing/zxing/oned/rss/expanded/decoders/AI01320xDecoder.h,12,26,19
C++,repos/ruangong-0707/qzxing/src/zxing/zxing/oned/rss/expanded/decoders/DecodedChar.cpp,6,0,19
C/C++ Header,repos/ruangong-0707/qzxing/src/zxing/zxing/oned/rss/expanded/decoders/FieldParser.h,15,26,19
C/C++ Header,repos/ruangong-0707/qzxing/src/zxing/zxing/qrcode/decoder/Decoder.h,8,18,19
C/C++ Header,repos/ruangong-0707/qzxing/src/zxing/zxing/common/ByteArray.h,5,20,18
C/C++ Header,repos/ruangong-0707/qzxing/src/zxing/zxing/common/reedsolomon/ReedSolomonEncoder.h,8,0,18
C/C++ Header,repos/ruangong-0707/qzxing/src/zxing/zxing/datamatrix/DataMatrixReader.h,8,19,18
C/C++ Header,repos/ruangong-0707/qzxing/src/zxing/zxing/datamatrix/detector/CornerPoint.h,6,19,18
C++,repos/ruangong-0707/qzxing/src/zxing/zxing/datamatrix/detector/DataMatrixCornerPoint.cpp,9,19,18
C/C++ Header,repos/ruangong-0707/qzxing/src/zxing/zxing/qrcode/detector/AlignmentPattern.h,8,19,18
C/C++ Header,repos/ruangong-0707/qzxing/src/zxing/zxing/common/DetectorResult.h,7,18,17
C/C++ Header,repos/ruangong-0707/qzxing/src/zxing/zxing/oned/rss/expanded/BitArrayBuilder.h,11,26,17
C/C++ Header,repos/ruangong-0707/qzxing/src/zxing/zxing/oned/rss/expanded/decoders/DecodedObject.h,9,26,17
C++,repos/ruangong-0707/qzxing/src/zxing/zxing/qrcode/detector/QRFinderPatternInfo.cpp,5,19,17
C++,repos/ruangong-0707/qzxing/src/zxing/zxing/Binarizer.cpp,8,21,16
C/C++ Header,repos/ruangong-0707/qzxing/src/zxing/zxing/Reader.h,6,18,16
C/C++ Header,repos/ruangong-0707/qzxing/src/zxing/zxing/multi/qrcode/detector/MultiDetector.h,6,15,16
C/C++ Header,repos/ruangong-0707/qzxing/src/zxing/zxing/oned/EANManufacturerOrgSupport.h,8,17,16
C/C++ Header,repos/ruangong-0707/qzxing/src/zxing/zxing/oned/MultiFormatUPCEANReader.h,7,19,16
C/C++ Header,repos/ruangong-0707/qzxing/src/zxing/zxing/oned/rss/RSSUtils.h,10,18,16
C++,repos/ruangong-0707/qzxing/src/zxing/zxing/oned/rss/expanded/decoders/AnyAIDecoder.cpp,5,0,16
CMake,repos/ruangong-0707/qzxing/src/zxing/bigint/CMakeLists.txt,1,0,15
C/C++ Header,repos/ruangong-0707/qzxing/src/zxing/zxing/multi/qrcode/QRCodeMultiReader.h,6,15,15
C/C++ Header,repos/ruangong-0707/qzxing/src/zxing/zxing/oned/MultiFormatOneDReader.h,6,18,15
C/C++ Header,repos/ruangong-0707/qzxing/src/zxing/zxing/oned/UPCEANExtension2Support.h,6,17,15
C/C++ Header,repos/ruangong-0707/qzxing/src/zxing/zxing/oned/UPCEANExtension5Support.h,6,17,15
C/C++ Header,repos/ruangong-0707/qzxing/src/zxing/zxing/oned/UPCEANExtensionSupport.h,6,17,15
C++,repos/ruangong-0707/qzxing/src/zxing/zxing/oned/rss/expanded/decoders/DecodedObject.cpp,5,0,15
C/C++ Header,repos/ruangong-0707/qzxing/src/zxing/win32/zxing/iconv.h,0,0,14
C++,repos/ruangong-0707/qzxing/src/zxing/zxing/FormatException.cpp,7,20,14
C/C++ Header,repos/ruangong-0707/qzxing/src/zxing/zxing/ResultPointCallback.h,7,18,14
C/C++ Header,repos/ruangong-0707/qzxing/src/zxing/zxing/FormatException.h,6,18,13
C++,repos/ruangong-0707/qzxing/src/zxing/zxing/common/DetectorResult.cpp,6,20,13
C/C++ Header,repos/ruangong-0707/qzxing/src/zxing/zxing/datamatrix/detector/DetectorException.h,4,6,13
C/C++ Header,repos/ruangong-0707/qzxing/src/zxing/zxing/oned/OneDResultPoint.h,5,18,13
ProGuard,repos/ruangong-0707/qzxing/src/QZXing.pro,5,18,12
C/C++ Header,repos/ruangong-0707/qzxing/src/zxing/zxing/ChecksumException.h,5,16,12
C/C++ Header,repos/ruangong-0707/qzxing/src/zxing/zxing/IllegalStateException.h,7,16,12
C/C++ Header,repos/ruangong-0707/qzxing/src/zxing/zxing/NotFoundException.h,7,16,12
C/C++ Header,repos/ruangong-0707/qzxing/src/zxing/zxing/ReaderException.h,6,19,12
C/C++ Header,repos/ruangong-0707/qzxing/src/zxing/zxing/UnsupportedEncodingException.h,5,0,12
C/C++ Header,repos/ruangong-0707/qzxing/src/zxing/zxing/WriterException.h,5,0,12
C++,repos/ruangong-0707/qzxing/src/zxing/zxing/common/BitArrayIO.cpp,3,16,12
C/C++ Header,repos/ruangong-0707/qzxing/src/zxing/zxing/common/IllegalArgumentException.h,6,18,12
C/C++ Header,repos/ruangong-0707/qzxing/src/QZXingImageProvider.h,4,15,11
C++,repos/ruangong-0707/qzxing/src/zxing/zxing/ResultIO.cpp,3,20,11
C/C++ Header,repos/ruangong-0707/qzxing/src/zxing/zxing/common/reedsolomon/ReedSolomonException.h,4,18,11
C/C++ Header,repos/ruangong-0707/qzxing/src/zxing/bigint/BigIntegerAlgorithms.hh,7,8,10
C/C++ Header,repos/ruangong-0707/qzxing/src/zxing/zxing/common/Types.h,5,1,10
C++,repos/ruangong-0707/qzxing/src/zxing/zxing/datamatrix/detector/DataMatrixDetectorException.cpp,6,7,10
C/C++ Header,repos/ruangong-0707/qzxing/src/QZXing_global.h,4,15,9
C++,repos/ruangong-0707/qzxing/src/zxing/zxing/multi/MultipleBarcodeReader.cpp,5,15,9
Markdown,repos/ruangong-0707/qzxing/src/README.md,3,0,8
CMake,repos/ruangong-0707/qzxing/src/zxing/win32/CMakeLists.txt,3,0,8
C++,repos/ruangong-0707/qzxing/src/zxing/zxing/IllegalStateException.cpp,3,19,8
C++,repos/ruangong-0707/qzxing/src/zxing/zxing/NotFoundException.cpp,3,19,8
C++,repos/ruangong-0707/qzxing/src/zxing/zxing/ReaderException.cpp,3,19,8
C++,repos/ruangong-0707/qzxing/src/zxing/zxing/UnsupportedEncodingException.cpp,3,19,8
C++,repos/ruangong-0707/qzxing/src/zxing/zxing/WriterException.cpp,3,19,8
C++,repos/ruangong-0707/qzxing/src/zxing/zxing/common/reedsolomon/ReedSolomonException.cpp,3,19,8
C++,repos/ruangong-0707/qzxing/src/zxing/zxing/Reader.cpp,5,19,7
C++,repos/ruangong-0707/qzxing/src/zxing/zxing/oned/OneDResultPoint.cpp,3,18,7
C/C++ Header,repos/ruangong-0707/qzxing/src/zxing/bigint/BigIntegerLibrary.hh,1,1,6
C++,repos/ruangong-0707/qzxing/src/zxing/zxing/EncodeHint.cpp,3,0,6
C++,repos/ruangong-0707/qzxing/src/zxing/zxing/ChecksumException.cpp,3,20,5
C++,repos/ruangong-0707/qzxing/src/zxing/zxing/common/IllegalArgumentException.cpp,3,19,5
C++,repos/ruangong-0707/qzxing/src/zxing/zxing/ResultPointCallback.cpp,4,18,4
SUM,,5332,7947,26945
